step,mean,std
128,-0.07623209559824318,0.04768344629143965
256,-0.06967216980992816,0.03956915626487006
384,-0.06605299230635864,0.03215670762557249
512,-0.06086309242410061,0.027645906528594333
640,-0.056315683589944814,0.02489630153808364
768,-0.05244547205047968,0.022236433648826978
896,-0.04862096554438548,0.021378411272079668
1024,-0.045250089554143294,0.01903955867262599
1152,-0.042711648871120805,0.017398599170703268
1280,-0.04072627548611357,0.01732584073837
1408,-0.03929297258277253,0.016911394263969075
1536,-0.03819623410813225,0.01621558110093407
1664,-0.036966759426535475,0.014896181871554469
1792,-0.035804886384787765,0.013584889621854234
1920,-0.03482335497408879,0.012351556963817307
2048,-0.03375416804060892,0.011273863214364384
2176,-0.032754750634168314,0.010288452820912298
2304,-0.03201168210898291,0.009461516432538513
2432,-0.03151607114957307,0.008578517721692623
2560,-0.030851935700734988,0.00787387408434541
2688,-0.030439122120153365,0.00718293970819048
2816,-0.029962001000823812,0.006793335706094851
2944,-0.02965947861272583,0.006345401771980668
3072,-0.029305151724107227,0.005952394097257642
3200,-0.02902679066649982,0.005738017649090661
3328,-0.028815570666311907,0.0058085573243804155
3456,-0.028590776068921804,0.005937941748622451
3584,-0.028474485887164898,0.006172112924689291
3712,-0.028251789348995957,0.006517269621530103
3840,-0.02806022387494006,0.006985307776479364
3968,-0.027936965514000055,0.0071598020168959576
4096,-0.027824993617202518,0.007332344575487594
4224,-0.027530130990245268,0.007664881762559303
4352,-0.027082928088271195,0.007920851111855842
4480,-0.026673661115623054,0.008061461400067556
4608,-0.02636770365823985,0.008151778041449467
4736,-0.026082611316895522,0.00835762756298214
4864,-0.02583869721514496,0.008638280117245796
4992,-0.025619850036164238,0.008977113312967761
5120,-0.025518688321739282,0.00907526963621552
5248,-0.02545963806609722,0.009081753497662206
5376,-0.025422947442299126,0.009048743585167553
5504,-0.0255157319730407,0.008871187630357016
5632,-0.025588524109696652,0.008551408280880628
5760,-0.025603069847786437,0.008158012367847892
5888,-0.02562002204880805,0.007937943567730253
6016,-0.025566075183233495,0.007833263713688522
6144,-0.025612005051040394,0.007688842763484737
6272,-0.02553455318960466,0.007642590569213435
6400,-0.02540140998019507,0.007473272120053199
6528,-0.02515068018497945,0.007481715773834866
6656,-0.02473147033868489,0.007540375562329418
6784,-0.02443380980837364,0.00748134958818145
6912,-0.02421157192138524,0.007266383224008706
7040,-0.024038100696410117,0.0069616203921048685
7168,-0.023891112312367378,0.006818274250254504
7296,-0.023721660927328907,0.006754837677753026
7424,-0.02349089770722829,0.006639466924704645
7552,-0.023197463712490363,0.006702885713888856
7680,-0.0228841352150773,0.006781342416933164
7808,-0.02256772412082625,0.007001133307577276
7936,-0.022172361848057296,0.007235982308174485
8064,-0.021841710470759213,0.007402460479729179
8192,-0.021529412086009947,0.007647101362706072
8320,-0.021262798438498716,0.008049596356547842
8448,-0.021040754859003488,0.008378133683684464
8576,-0.020836713107346354,0.00853099605480743
8704,-0.02058744685476624,0.008621756615815707
8832,-0.020378483740369602,0.008613948431227961
8960,-0.020136612531708536,0.008452589394153292
9088,-0.019951757715205923,0.008117781234996234
9216,-0.019644595159181943,0.00789844411289773
9344,-0.0194007183516094,0.007658321491696342
9472,-0.0192281424797161,0.007279351696974503
9600,-0.018925973364670678,0.007033965010238893
9728,-0.01862532750221283,0.006867666893082203
9856,-0.018301495240162932,0.006682795013092284
9984,-0.018065957491225457,0.006420589713197933
10112,-0.017934755400377003,0.005950511833692517
10240,-0.01776549020326273,0.005637101230730707
10368,-0.017569802540205078,0.005363742709358867
10496,-0.017521039550484802,0.004728495360780522
10624,-0.017560986623183485,0.004216105965838995
10752,-0.01762029573955959,0.0036507596810009296
10880,-0.017647391221292334,0.003149819009235296
11008,-0.01764081652087459,0.0027730728849750396
11136,-0.017714785942134666,0.0024133697231058225
11264,-0.01770843992371638,0.0022271581548635394
11392,-0.0175144055241745,0.0021448122633989887
11520,-0.01726647190398758,0.0021444879228660085
11648,-0.017022887890504226,0.0022277845842386353
11776,-0.016576126592050208,0.002142495271607755
11904,-0.015969076139416973,0.0018019531465385023
12032,-0.015444566717187493,0.001501549809166264
12160,-0.015021062539547868,0.001362097817283262
12288,-0.014644233778759253,0.0013377783299916319
12416,-0.014202687372811386,0.0011858679918196014
12544,-0.013826320824284689,0.0011213743307448294
12672,-0.013459827005784148,0.0010067905482332511
12800,-0.013246345526937268,0.0010952242556742748
12928,-0.013069269551256375,0.0012768393596074067
13056,-0.012715558640068984,0.0011372004581345185
13184,-0.012242228848172011,0.0008665134527582785
13312,-0.011704330077182863,0.0005976116379112916
13440,-0.011145157254679622,0.0005323258813119782
13568,-0.010578737857281743,0.0006673807612817661
13696,-0.010003894762016104,0.00082766850087031
13824,-0.009458749737861132,0.000998260735386145
13952,-0.009079965865795457,0.0010491479479294262
14080,-0.008660829637905033,0.0010313747583534738
14208,-0.008307566992793046,0.0010353779341125001
14336,-0.00783571875348429,0.001150609323298868
14464,-0.007409326692889113,0.0011827818793753852
14592,-0.006861439193107139,0.001241755430301814
14720,-0.006304379571597003,0.0014930241494108798
14848,-0.005658247928251262,0.0016228203076238722
14976,-0.004997965918172637,0.0017743314034967509
15104,-0.004245271042527858,0.0020241366381924648
15232,-0.0034562350254164842,0.0024368142407358733
15360,-0.0027561583681347543,0.002811541924241942
15488,-0.0018083916559524771,0.0032375751651654615
15616,-0.0009510418877643292,0.003609841684625723
15744,-8.81815321773315e-05,0.004057020311102702
15872,0.0005585126660785432,0.004325064678698373
16000,0.0013475915349968116,0.0047084819173042565
16128,0.002290193148190408,0.005267968422980227
16256,0.00318737538986628,0.005692378420196629
16384,0.004238238817341226,0.006179598386637522
16512,0.005724116058822382,0.0072178269875275425
16640,0.007041030681104856,0.008119186620024126
16768,0.008518456750236512,0.008956549940340763
16896,0.009963970935544424,0.00947470071624051
17024,0.011372746552920237,0.009727617561918443
17152,0.012972934342435509,0.010256988825777552
17280,0.014801525562961682,0.010614676924154992
17408,0.01708190958952861,0.010785641588364477
17536,0.01916121354657599,0.011252003559179895
17664,0.021084539837689056,0.011631812205377132
17792,0.022974786859930284,0.012109123338503093
17920,0.025128633521165566,0.013072891335710029
18048,0.027633447756895125,0.014618187496586416
18176,0.030149119622737808,0.015823180992364613
18304,0.032713547573756226,0.016893548959504862
18432,0.035471459808901346,0.017983909829185678
18560,0.03813683314889628,0.019218330236606157
18688,0.04055720837213809,0.020193460774182614
18816,0.042989343600133886,0.021038308784850898
18944,0.045617491894685586,0.021749293533502894
19072,0.04800627053278421,0.022415694571340825
19200,0.050821364216984063,0.02360519672591765
19328,0.05360129598121706,0.025329853144956678
19456,0.05663140052304649,0.026943669684162355
19584,0.059784406329781686,0.028092716094419577
19712,0.06278863262795134,0.029099061292354764
19840,0.0658824412950706,0.0304111061267744
19968,0.06908064632013508,0.031519985168665186
20096,0.07243077341043261,0.03277039447681837
20224,0.0764204223101319,0.03365135619924784
20352,0.08035715417546371,0.03468575756001873
20480,0.08357581640727807,0.03560520075650814
20608,0.08695772329226499,0.0364623749251777
20736,0.09100906528152089,0.037850223257497706
20864,0.09425906654682756,0.038832514541534156
20992,0.09755317013352066,0.040445009653142586
21120,0.10128873559713968,0.041555977275425475
21248,0.10566055025357521,0.04224690789015047
21376,0.10993987169209857,0.04286948649612307
21504,0.1141387706686276,0.04314989900636242
21632,0.11851777083782705,0.04283707976514663
21760,0.12143014447805385,0.04178279509503561
21888,0.12548269452283317,0.04018598194199894
22016,0.12987501053397957,0.038123272746937616
22144,0.1346751238194837,0.036134008785290855
22272,0.13889308565552766,0.033500305237237085
22400,0.1423835868601141,0.03125639618506333
22528,0.14607056530510554,0.029445962191682953
22656,0.14911969726896182,0.0273298291680329
22784,0.15093114225093038,0.024774858985990255
22912,0.15316605603516087,0.022856963989101482
23040,0.15468786258694514,0.022318234087952075
23168,0.15709085591701108,0.022149029707443164
23296,0.15963416084753793,0.022868499039167062
23424,0.16157841885925556,0.02364179970789873
23552,0.163228060917209,0.023947637602172337
23680,0.1641109636785863,0.023816440252839587
23808,0.1657635786168711,0.02322979671287176
23936,0.1673271255272623,0.0227948217745932
24064,0.1702281551650461,0.02239035049301038
24192,0.17335516582206906,0.02216859333413334
24320,0.17529221638773498,0.021729393507581442
24448,0.17679874611421853,0.021314231242285958
24576,0.1782344834073957,0.021066066548958352
24704,0.1788503807191938,0.020832287803192837
24832,0.18042096077841088,0.02033531270647142
24960,0.18269204309856227,0.019840706000852807
25088,0.18580175884896546,0.0205436749389497
25216,0.1886680792379769,0.021808518423509837
25344,0.19367927275768254,0.02571651454780506
25472,0.19786296846489743,0.029008167712910017
25600,0.2022487014181171,0.032909825725921577
25728,0.20616715096679736,0.035761274673490655
25856,0.20997360275944366,0.0385859400572942
25984,0.2138726831748709,0.042686166367289766
26112,0.21696224473003858,0.04677570351941707
26240,0.21895050419143502,0.04996673119520563
26368,0.22117315053548334,0.05310141500661784
26496,0.2230717725720508,0.055313096372896026
26624,0.22508912847355284,0.05748273538950621
26752,0.2282949930655756,0.059692787328754535
26880,0.23076071285144772,0.06030543085540414
27008,0.2330601319819276,0.06063392687980762
27136,0.23584938527416655,0.061702076565504485
27264,0.23803494681001452,0.06300196990709309
27392,0.23951335444021854,0.06541062243654944
27520,0.2406993051605755,0.0684623588313723
27648,0.24111650671330428,0.07204965010140373
27776,0.24189691250922518,0.07554785849208659
27904,0.24226585370393494,0.07857301158763845
28032,0.24451684793609496,0.0822008893819393
28160,0.24641375276855032,0.08565066730545212
28288,0.24812238132853998,0.08844515780761822
28416,0.2506965059391134,0.09197228214204826
28544,0.2535713928973926,0.09463397954001515
28672,0.25636680399560086,0.09679236909737651
28800,0.25927143271546244,0.09864206454389816
28928,0.2630359822080888,0.10111125040714498
29056,0.26654273533884726,0.1025820915610753
29184,0.2701160006170912,0.10340768513573087
29312,0.2743012006534762,0.10458342118987712
29440,0.2769884193202439,0.10447632416561813
29568,0.2808944260698055,0.10576937764510966
29696,0.2854069245883098,0.10748368110639316
29824,0.2895346274797152,0.10926525754787289
29952,0.2932423943356102,0.11126561791554691
30080,0.29696296086799223,0.11454943693626123
30208,0.3009167002266392,0.11842597109767347
30336,0.30330696104783644,0.12054866529040871
30464,0.30490238736317565,0.12196040182667924
30592,0.3077449408517192,0.1232225035464634
30720,0.312316621653142,0.12666286758434275
30848,0.3169679007953574,0.131848576453817
30976,0.32161186072699677,0.13626698809132104
31104,0.3258982109497148,0.1415564864361478
31232,0.32946429508175795,0.1463675690428744
31360,0.33164398257841066,0.14975320344648504
31488,0.333385312516719,0.15223299272873167
31616,0.33394263342305563,0.15166467964618494
31744,0.3354146140390819,0.15296364571095897
31872,0.3361354287279703,0.1535228120758697
32000,0.3378660603429972,0.1538458277727818
32128,0.3404640468911513,0.15632643815706537
32256,0.34196427698063425,0.15803206984631882
32384,0.34417369489727845,0.1597765386518258
32512,0.3481171480305957,0.16393009855254637
32640,0.351537447672563,0.1666017608422968
32768,0.3556516858078595,0.17080040614393288
32896,0.3595531999634626,0.17536999708137013
33024,0.36428450089016406,0.18296169812746152
33152,0.3686558242650928,0.1898103413348924
33280,0.37229068558516965,0.19851760130735166
33408,0.3761609986691419,0.20612272174636886
33536,0.3807532175484729,0.21434707998354255
33664,0.3864871447521366,0.22246775449190576
33792,0.39199569075825114,0.23190158697184948
33920,0.39801276120885165,0.23882277914447378
34048,0.4035156812205152,0.24569677101337017
34176,0.410089576087306,0.2534443656844261
34304,0.41533961949559406,0.26082423514092107
34432,0.4204525412285378,0.2684663068737255
34560,0.4273403580724639,0.27915064395243483
34688,0.4323661528655416,0.28766232114884777
34816,0.43675610904735795,0.2951445087580154
34944,0.4423076540193568,0.3044319200476077
35072,0.4473102175784477,0.31097495991192103
35200,0.4535053921668245,0.32011376420698945
35328,0.4594672818967935,0.33143881021547184
35456,0.4647578775252751,0.34076474924283995
35584,0.4686466582701577,0.34872390782094426
35712,0.4734559554728942,0.3580005197073076
35840,0.47896211802136057,0.3689659243205046
35968,0.4845038616065728,0.3790115100369508
36096,0.49098084483483095,0.3900647375827655
36224,0.49946061456549024,0.403585399975626
36352,0.506845263582425,0.4148325182915883
36480,0.5156775999199978,0.4289860395642907
36608,0.5256713113970446,0.4443458010205499
36736,0.5353160672032689,0.4601029199321731
36864,0.5456079185503002,0.477550555236583
36992,0.5524841014343187,0.489645157677545
37120,0.5632931753847035,0.505270307462179
37248,0.5750817078600403,0.5236376652095123
37376,0.5855125457557604,0.538990125995522
37504,0.5959282254115423,0.5534323972331615
37632,0.6062241322989591,0.5672992357688235
37760,0.6169224898632397,0.579808717220066
37888,0.6246682859980688,0.5880025513785265
38016,0.6309062435125392,0.5943086657163269
38144,0.6375915381869495,0.6010380426793693
38272,0.6434876129057702,0.6093974830076896
38400,0.6486465296916855,0.6164114049259931
38528,0.6554919132348686,0.626245298567207
38656,0.6613825669083269,0.6340633949424086
38784,0.667112728199788,0.640586204574993
38912,0.6732840746196248,0.650270891041534
39040,0.679057614690991,0.6594919102274525
39168,0.6869684311835885,0.6724386531462283
39296,0.6925079203025084,0.6796113458643896
39424,0.7005852276999995,0.6914780558414334
39552,0.7078364752413191,0.699003629963752
39680,0.7151754276980116,0.7080150222344846
39808,0.7235747730210206,0.7202664264436895
39936,0.7302283243242467,0.73189529545944
40064,0.735244013147357,0.737170246706183
40192,0.7415109096072937,0.7477406666767102
40320,0.7507786541320285,0.7646769185702373
40448,0.7595853262411347,0.7819213661725557
40576,0.7714569088346535,0.8024590787909567
40704,0.7832962827431914,0.8234263005817886
40832,0.7955648437704239,0.8482783187716217
40960,0.8119726697833096,0.882173929940223
41088,0.8310498960014325,0.921317349577329
41216,0.8472105720010121,0.9548072810210694
41344,0.8624429978044541,0.9876173197232242
41472,0.8781870129749134,1.0226502517284708
41600,0.898545083735209,1.064542284506593
41728,0.9172563943850478,1.1018606435576488
41856,0.9394857567597784,1.1439923279454438
41984,0.9555632967245532,1.175503503895792
42112,0.9700519006667694,1.203992778305013
42240,0.9815222500051494,1.226621854288357
42368,0.9922614367348571,1.2490200926265784
42496,1.0048400329610931,1.2735464424746246
42624,1.013471900994782,1.2896874825922107
42752,1.0199950233240163,1.3018061586143426
42880,1.0254770834861549,1.3128819328221375
43008,1.0292167978163163,1.3198130595801174
43136,1.0300631686224797,1.319944763709891
43264,1.0339600526589274,1.3263046319904785
43392,1.0325158042389555,1.3232577474684362
43520,1.0318141882396383,1.3203840978795833
43648,1.0394649803946558,1.3345733805765598
43776,1.0463546376937254,1.3466267162198249
43904,1.0597368499672988,1.3696663270783371
44032,1.0701494454474343,1.3898749888779929
44160,1.0787362334143547,1.4071112590686095
44288,1.085804602549445,1.4180019999284412
44416,1.0917201745153227,1.4274350271764902
44544,1.0976691515738413,1.436053079728139
44672,1.108733790568555,1.456543528299282
44800,1.119596062808472,1.4753442362159543
44928,1.1333191775062208,1.4945549564772864
45056,1.143228969634746,1.505873112939854
45184,1.1557215102384473,1.5227348847181394
45312,1.1667877902030435,1.5360324537145968
45440,1.1747418963932559,1.5436454481804998
45568,1.1818197103013626,1.54993294993365
45696,1.184998652778022,1.548860335528722
45824,1.1929938352114555,1.5583757010159012
45952,1.1981464905148353,1.562471144010266
46080,1.2043773818974461,1.5692619759783821
46208,1.2116251735011785,1.57664129106306
46336,1.2128228022060834,1.5756716951425167
46464,1.207604773580207,1.5594266649509485
46592,1.2001848133437807,1.5373666925113014
46720,1.1928275790292053,1.513624639129131
46848,1.181148189828428,1.485203375066407
46976,1.1677911270377908,1.4546242675384753
47104,1.1546994527588479,1.421634838821248
47232,1.1304333356120848,1.3653141473687804
47360,1.110681098082052,1.3183885725972209
47488,1.0944357342239504,1.2779639491230574
47616,1.0810842356541595,1.2429979013306687
47744,1.0627439476788059,1.1968967040907832
47872,1.041801291985215,1.1443123922101055
48000,1.0244991680388313,1.0995545507987563
48128,1.0004213535879016,1.0420826101563956
48256,0.9850585285802549,0.996877788883935
48384,0.9593899909787265,0.9336699238655555
48512,0.9387606589260651,0.8794054722383304
48640,0.9185167257511129,0.8273981612140991
48768,0.8984626200144474,0.7794567801457007
48896,0.8841640704764164,0.7384882666338214
49024,0.8728361946403236,0.7060050306605148
49152,0.8614693695058786,0.6753270392663445
49280,0.8538647263435333,0.6461633388400695
49408,0.8466563358962176,0.6202055023400098
49536,0.8423909610560232,0.5984262869833759
49664,0.840337593842853,0.5844686290641382
49792,0.8405205075352515,0.5750239638093438
49920,0.8355138449368633,0.5574888221859027
50048,0.8349749310536279,0.5477864930283466
50176,0.8324095007444053,0.5386212894195235
50304,0.8350826707646186,0.5388915769740117
50432,0.8406078137298618,0.5424390497703935
50560,0.8472833202271823,0.5498087949546032
50688,0.8547190627545903,0.5580638423999397
50816,0.8654385494368446,0.5728116051832906
50944,0.8765215311547713,0.5869428885906093
51072,0.8859721845870718,0.5990055117133163
51200,0.8925849388055682,0.6108410840305606
51328,0.8991607547065396,0.6226727314634092
51456,0.9076361701857707,0.6347102436973244
51584,0.9143509098962856,0.6478151939062805
51712,0.9203965500955309,0.6620468173366897
51840,0.9254268913785464,0.6765568843876525
51968,0.9341890638492376,0.697789972613697
52096,0.9433047013092626,0.7190705613784492
52224,0.9522691894190809,0.7412181929692859
52352,0.9667299269959039,0.7689434551084
52480,0.9782038836356004,0.7930393881565814
52608,0.9907349710538587,0.8150104891746499
52736,1.0002439352515748,0.8294566063506517
52864,1.0151205936071177,0.8532586153635926
52992,1.03167646871481,0.8792226698299692
53120,1.0462792408665278,0.9040715035961646
53248,1.0567989578714192,0.9198853086560731
53376,1.0705012069383946,0.9392911170559352
53504,1.0887637804750336,0.9648744806674424
53632,1.1053603097978408,0.9898396819191468
53760,1.1205190605824886,1.0137246245494753
53888,1.1337450315673991,1.0341210420805151
54016,1.1601246485712,1.0741289299173706
54144,1.174706145367184,1.0901808120860506
54272,1.1902685959935038,1.1080187988726244
54400,1.2055900023460262,1.1225032675969726
54528,1.216049322204579,1.1316563165655025
54656,1.2203808012448458,1.1265541652867053
54784,1.2344268498734934,1.1395233219510943
54912,1.2469061422823724,1.1510166610407198
55040,1.2584465438829886,1.158376936209927
55168,1.2560264102370515,1.1418933877116246
55296,1.2500299776085544,1.1195131049926363
55424,1.2419779330308316,1.0907184429532355
55552,1.2320572461031691,1.0554506550988214
55680,1.2288328315110397,1.0298248674856136
55808,1.2259220125275538,1.0064228784863019
55936,1.225190196131471,0.9907862324738218
56064,1.2257095673586753,0.9825960664189405
56192,1.2280654629389398,0.977443854012546
56320,1.2242873913071515,0.9659018924100351
56448,1.2180399039257235,0.9509469495153221
56576,1.2097007814087835,0.9368575323634678
56704,1.2023132296236962,0.9259314915885689
56832,1.1972850801108001,0.9218664084206428
56960,1.193378967699812,0.9192201877948528
57088,1.1852164114602362,0.9103417550425607
57216,1.1786678842777771,0.905021261472921
57344,1.174392702953373,0.9027519201346521
57472,1.169095663835507,0.9019113960667139
57600,1.1667567621354422,0.9041335430657456
57728,1.1629954034916101,0.9047212047658557
57856,1.1618731451885709,0.9051780704235098
57984,1.1578451626428254,0.898811644514565
58112,1.1532769716520153,0.8916660051066955
58240,1.1460207459060534,0.8783619812278688
58368,1.1377027388134557,0.8632443994327685
58496,1.1303885249903913,0.8500703578993573
58624,1.1256479490120657,0.8445377290498152
58752,1.1219737850697369,0.8370519619480027
58880,1.1154067546984356,0.8291209227855608
59008,1.1123355142754,0.8256648283099695
59136,1.1059589060007957,0.8205735961932958
59264,1.098831646748435,0.8133022317108383
59392,1.0943063566007651,0.8093714223622331
59520,1.090833052479294,0.8051705606306085
59648,1.0845487441227903,0.7981509805483901
59776,1.0789219944939177,0.7909897120729142
59904,1.08024704509729,0.794041192437004
60032,1.0836297073283867,0.7934278689466709
60160,1.0840526108762836,0.7885481296317387
60288,1.0802535697418485,0.7784986795491295
60416,1.0783799732137054,0.772592269777317
60544,1.0805773596214334,0.7715244500148231
60672,1.0795188580910384,0.771506943715998
60800,1.0771189409957345,0.7715227196554142
60928,1.0788743014580122,0.7764895802270116
61056,1.0774883196382916,0.779363429395636
61184,1.0742968717748735,0.7775394899572378
61312,1.0727260088776145,0.7825013913490412
61440,1.080689786198378,0.8011205708881005
61568,1.094949470161641,0.8261693489838479
61696,1.1095172959261712,0.8531038057974561
61824,1.1245491019675673,0.8820646989460654
61952,1.1344383948813985,0.8998426112446277
62080,1.1390473308369957,0.9059410063710863
62208,1.1456069827451931,0.9163113521137425
62336,1.151580826150222,0.9216263491128224
62464,1.155656289533592,0.9210229214833637
62592,1.1582748714878601,0.9165360953993146
62720,1.1629956145063316,0.9148778589757962
62848,1.1674457121271873,0.912884329867919
62976,1.169663267495447,0.9103277234091747
63104,1.1719265263158893,0.9034432561953958
63232,1.172419498736361,0.8906250805105559
63360,1.1708985762730186,0.8747359029160199
63488,1.1709512340421184,0.8606245163591904
63616,1.1745313346172868,0.8479367094992407
63744,1.1822119013784005,0.8383559440724568
63872,1.1887484878669206,0.8276037460952758
64000,1.1924686768963457,0.813913592506469
64128,1.1976983245131714,0.8019250346101412
64256,1.2076735224852704,0.799281164844895
64384,1.2249186776628376,0.8126725194715515
64512,1.2380960465637583,0.8207493900618799
64640,1.2529726099463878,0.8345246490633624
64768,1.2640371412802431,0.839381433108751
64896,1.270673769926368,0.835371142216769
65024,1.2793876093954226,0.8324401047209976
65152,1.2936355504374528,0.835559701183331
65280,1.3034602893425724,0.8296157245736734
65408,1.3164469658413178,0.8232498586015033
65536,1.3317744170841426,0.8251875933930719
65664,1.3448977611893735,0.8172441504720823
65792,1.3621178873945448,0.8221501405536159
65920,1.3762543804728784,0.819017111578966
66048,1.3947944036316104,0.8228522973946993
66176,1.4046009846044127,0.8153857576203378
66304,1.4108502623821957,0.812872516522769
66432,1.4187828812775822,0.8148365770554521
66560,1.4275013940246044,0.819484383016182
66688,1.4448873121246169,0.8358694379822819
66816,1.458405857622504,0.8460306564838851
66944,1.4795896307020366,0.8588740090377766
67072,1.5072172948301465,0.8706108475073265
67200,1.5355283027682243,0.8804610879265855
67328,1.5627728206340974,0.8855000701411301
67456,1.5885827530980938,0.8892589921968933
67584,1.6152545167631613,0.8890549226485219
67712,1.6309130681636632,0.8801341001957999
67840,1.6471935174485342,0.883802344500699
67968,1.6621844534950703,0.8900357262854467
68096,1.6710191796368026,0.892975594591197
68224,1.6830265088005678,0.8986093310462561
68352,1.6969769101495786,0.9166927522945785
68480,1.7081445116283454,0.9255209278771008
68608,1.717477144520448,0.9315018267539947
68736,1.7248759977150179,0.940343421068514
68864,1.7435772334842865,0.9565661680635558
68992,1.7546584795427953,0.9604962985802123
69120,1.7620257359679283,0.9626540396545027
69248,1.7682647922282795,0.9661559634791281
69376,1.7687601885049116,0.9721378341799426
69504,1.7781277052781268,0.982660646409917
69632,1.7882475673544498,0.9909975962987154
69760,1.7990282733221727,1.0037686513769482
69888,1.8031358289353943,1.0070975550734593
70016,1.8067997306573353,1.0090824766972075
70144,1.8082947573055594,1.0149107992473463
70272,1.8141303121885959,1.031375061011059
70400,1.8171658119425285,1.0450751681520776
70528,1.8175001843010725,1.0536870827767677
70656,1.8146827680617612,1.0494035456359576
70784,1.8132594357766245,1.0458829480212772
70912,1.8078588015051589,1.0346588696121182
71040,1.8109798725724335,1.0316863761268835
71168,1.8136924554246763,1.021032569496752
71296,1.8150275555190827,1.009336369010721
71424,1.813511652836877,0.9931166001330561
71552,1.8182114443443478,0.9913866502489584
71680,1.8313761451912844,1.0115583696595558
71808,1.83082784207781,1.004128039413196
71936,1.8332149082750266,0.9983461152042685
72064,1.8297532181124547,0.9751149990828171
72192,1.8300599424196835,0.9634380515037643
72320,1.8274825411965971,0.9500077788916131
72448,1.8271147939802157,0.9446633830429015
72576,1.8235580099875535,0.9350963321970305
72704,1.8178558605180763,0.915395319541733
72832,1.8134607040560837,0.8988524258767105
72960,1.8018920599545147,0.871979836435275
73088,1.79161871843103,0.8489050276979271
73216,1.7850034501818706,0.8314998001539609
73344,1.7723944710361663,0.814417483618106
73472,1.755647116667782,0.799056909822689
73600,1.746230713230115,0.7822298937976135
73728,1.7382140789891087,0.7691481025157524
73856,1.7323445647254672,0.7563419636683315
73984,1.731939663380466,0.7455690870952858
74112,1.7270699892506696,0.7254790612859953
74240,1.7233890261208855,0.7059106028962477
74368,1.7228863314849603,0.6915434307124829
74496,1.719548643097589,0.6747728828579934
74624,1.7218781013245514,0.6581268278038023
74752,1.725869287958926,0.6396479952645834
74880,1.730125517074772,0.6234480287095626
75008,1.7368792567261377,0.6126714000952198
75136,1.7369788609511727,0.6019891098856532
75264,1.7365791310054075,0.5986430455553395
75392,1.736255869547994,0.5833214025758992
75520,1.7342578987165296,0.5675834468594173
75648,1.7316561661066017,0.5557751207906022
75776,1.7257104817644946,0.5506308580749233
75904,1.7208547893239818,0.5424984237927729
76032,1.7122554617735446,0.535475172169273
76160,1.7001761537761286,0.5311917170719281
76288,1.6915121531163826,0.5248863098087941
76416,1.6832587120258709,0.5181392417921655
76544,1.677800586593679,0.5132209114602413
76672,1.6706605922745186,0.5073880919175754
76800,1.667902359449023,0.503700516865593
76928,1.6651142331169853,0.4974791506309893
77056,1.6618629831448979,0.49492214343658214
77184,1.659025794031165,0.49043124282972655
77312,1.6549757559077447,0.4844551085691275
77440,1.6474862618376842,0.479229764246548
77568,1.6374790529072807,0.4744745440384414
77696,1.6298188135734644,0.4685815632035655
77824,1.6211231654738119,0.45999663579203776
77952,1.6091667224940183,0.4414606850526489
78080,1.6001997161388442,0.43399044963663036
78208,1.5911155679035223,0.4299454161564009
78336,1.5817942606883082,0.43100226477385206
78464,1.5707347576176431,0.4271806141111995
78592,1.564542146692873,0.42279153280267606
78720,1.555620006069214,0.414151976993081
78848,1.5490665124286913,0.40841007499127757
78976,1.5439158308968193,0.4082996322968352
79104,1.5350917711054743,0.40139299753307817
79232,1.5272691288656137,0.39324344087081237
79360,1.5191680702771961,0.38922365872030806
79488,1.506157305958399,0.3776571189648024
79616,1.4983307545921698,0.3679264049812316
79744,1.4992518814116984,0.3619727016259485
79872,1.5007066476299098,0.3621984203372131
80000,1.5011271770557433,0.36188028991324406
80128,1.4986805429455212,0.36275394297761404
80256,1.5012569997546161,0.3700446056964446
80384,1.5019720457754058,0.37279907903270637
80512,1.5008295057562284,0.37754258880703917
80640,1.5001843915974298,0.38310597911110655
80768,1.5038207242494739,0.38786605151250675
80896,1.5026311009292832,0.38852713349765194
81024,1.5033921102474408,0.3950913747687737
81152,1.501716130457494,0.4037996663644836
81280,1.5006325994529797,0.4166179890779751
81408,1.5052824970492429,0.43175679517211024
81536,1.51677598535492,0.438683529460419
81664,1.5290791678682256,0.45077200095377346
81792,1.542529024682144,0.4603532646364722
81920,1.5550930940125829,0.46090366026244745
82048,1.5653142036559464,0.45413011869476244
82176,1.5741207049616115,0.4519942041236807
82304,1.583819657005742,0.4460339495212725
82432,1.5968123759053086,0.44388531914544094
82560,1.6099686903197212,0.44376727277149136
82688,1.6201131984663852,0.4390949813590329
82816,1.6284661822827577,0.4359318267146184
82944,1.637831589908911,0.42945113694256143
83072,1.6433757261750959,0.41926051863445274
83200,1.6508189274738414,0.4185769383576542
83328,1.6544345968752756,0.41175684820494507
83456,1.6581452310801752,0.40188150322646654
83584,1.6645474520934649,0.40057738702907597
83712,1.6789516597460779,0.4111181788068856
83840,1.6951176897734812,0.4165596613700141
83968,1.7197416995607666,0.4275473352839891
84096,1.7438472756193502,0.4353468687347349
84224,1.7666919858435253,0.44366211244332737
84352,1.7922485824925243,0.44580689016303626
84480,1.815966081919984,0.45064313753454194
84608,1.8420377239160821,0.4543295329644465
84736,1.8720395659294846,0.4715136302729152
84864,1.893017156983818,0.4872608818275078
84992,1.9131445094501918,0.5025486983588549
85120,1.934943522400911,0.5134410540862803
85248,1.9521250432522765,0.5088551172075023
85376,1.9729439650896112,0.5113081729983843
85504,1.9911250546261154,0.5154749879653715
85632,2.0123570311548122,0.5236799307963197
85760,2.0349146183539966,0.5362883989034651
85888,2.0541159796494353,0.5467487859440576
86016,2.062958521108964,0.5488810481627882
86144,2.0740550369937902,0.5487221574362524
86272,2.083791479396992,0.544137275112988
86400,2.089153637676385,0.540080303049882
86528,2.090190151990061,0.518695033564131
86656,2.089137486330186,0.4960958688324434
86784,2.0912439604151123,0.47266115153354693
86912,2.0983761228735935,0.4431707842819094
87040,2.100535296993786,0.426106097435055
87168,2.1027968650636417,0.40693634041448984
87296,2.0976966382802265,0.3754877577402928
87424,2.095606901494625,0.34531432060355993
87552,2.09492077331818,0.30768529248826176
87680,2.0879106384109987,0.27548791982702836
87808,2.074020271236976,0.252662557952273
87936,2.07217610431213,0.2433449257150313
88064,2.075810380474965,0.24070569716061188
88192,2.0770033722537793,0.24309630147261738
88320,2.0821034567162724,0.25987653128213234
88448,2.087575043053879,0.26671932501116746
88576,2.0905355230865235,0.27467783882599794
88704,2.1042167334271222,0.29432199568337514
88832,2.1135648519035017,0.31701604565552854
88960,2.1237340177794755,0.33846788022120533
89088,2.1350078667049996,0.35966595778160015
89216,2.151858137261727,0.38958383995449175
89344,2.1661983775894638,0.41871835190524404
89472,2.177644806666243,0.44438578465671613
89600,2.1953311606532413,0.4684520321488612
89728,2.2122844465219145,0.4928940376138432
89856,2.227130312372912,0.5139798934524393
89984,2.2342176758768346,0.5354807651760465
90112,2.2267170389487205,0.5311745924756833
90240,2.2035885988667387,0.5123699995010309
90368,2.188311582122799,0.49759551100648375
90496,2.17997397484121,0.4916635100266556
90624,2.1641880594340632,0.4730803564768352
90752,2.1512779657294865,0.4633004648624733
90880,2.1342789108170015,0.4582293434078679
91008,2.121759505413075,0.45879749017075283
91136,2.111499058843439,0.4579303391245623
91264,2.102493052179284,0.4591319564431032
91392,2.1046220638557944,0.4787041568679347
91520,2.1007991966082624,0.4874957104910982
91648,2.108008492589282,0.5118929084398766
91776,2.1234489076437995,0.542982566721314
91904,2.1311786809699806,0.5641705468635111
92032,2.137350689199221,0.5830894503103298
92160,2.145917600594614,0.5966928594129597
92288,2.148654682211335,0.6080600869278469
92416,2.159036223944443,0.6348503671357028
92544,2.1710142221331146,0.6494128231912006
92672,2.190181846155486,0.6746999870624355
92800,2.2032193273541303,0.6994659940423005
92928,2.217791173925144,0.7206490015763524
93056,2.224027733961365,0.7262874486770526
93184,2.2192563998854933,0.7021751095957411
93312,2.221447653068429,0.685889327763386
93440,2.214073892950343,0.6567017969554398
93568,2.2129820377046148,0.6336082909953161
93696,2.214406633561069,0.6106948194136284
93824,2.2140518854632294,0.5915115476891671
93952,2.2181372410047224,0.5767493632387517
94080,2.2362064283182166,0.5674130257256657
94208,2.2483438687450144,0.5662210576853843
94336,2.260765520869442,0.5643934774595004
94464,2.2800137638230487,0.5712650805017467
94592,2.298598227729644,0.5832943934706111
94720,2.3103082295812256,0.594032202298953
94848,2.3265832194758977,0.6067943821648587
94976,2.330479604473958,0.6162647710759406
95104,2.3433233873055004,0.6214012292440145
95232,2.3556150962516447,0.6387848288101854
95360,2.37428743036231,0.6600225116742591
95488,2.3902132112075343,0.6742951121452403
95616,2.4161160651391778,0.6968859955196743
95744,2.444465623201343,0.7133880381485187
95872,2.4644563302558673,0.7272017936555264
96000,2.4830074250089833,0.7453853895419315
96128,2.494093447275912,0.7543539963204159
96256,2.505014539704484,0.7600049847065985
96384,2.5258396484493195,0.7694770020712989
96512,2.551926161878619,0.7800985007827979
96640,2.579135849702672,0.7899823447285612
96768,2.6026856873771234,0.7960269499398146
96896,2.6236747287898843,0.7973093169007335
97024,2.645393262377495,0.8024308338052261
97152,2.668924173276074,0.8022874031136511
97280,2.684480356649936,0.7936829030115201
97408,2.7023134990085396,0.780597449042462
97536,2.7201451260861607,0.7665068108589702
97664,2.7303381476962887,0.7566760974649852
97792,2.748663930797545,0.7549928907347286
97920,2.758804361917945,0.7535162524451332
98048,2.7770043956871993,0.757639015935619
98176,2.797323599009786,0.7593698522573231
98304,2.8159971047110486,0.7685964903885311
98432,2.8200411456194576,0.7718859132059297
98560,2.8314153486253817,0.7883155019492357
98688,2.8326570514537592,0.8023759127810223
98816,2.8290077388428694,0.8103125644503318
98944,2.8276220479728367,0.812841702760017
99072,2.8236650935067087,0.8207924280857851
99200,2.821382965601022,0.8248797359454058
99328,2.825748292667721,0.8307665814060089
99456,2.827674025151726,0.843357203525951
99584,2.8241887189701766,0.84319856963228
99712,2.8156114154152307,0.8448142616515047
99840,2.801774874640345,0.8459701962230598
99968,2.7952988932688174,0.8539874779964481
100096,2.790477181636817,0.8531417721353005
100224,2.791075788824755,0.8561046963209258
100352,2.7608361675894737,0.8378488848250508
100480,2.7343182871116207,0.8227093919873759
100608,2.702614737348463,0.7992451372111357
100736,2.670543821530739,0.7799745958312955
100864,2.63685790011845,0.7562748675742755
100992,2.6219307851108677,0.7413415348583482
101120,2.6078361556545744,0.7265546573830447
101248,2.601449691034702,0.717358589935982
101376,2.5888983486699515,0.7044766716167279
101504,2.578850299300386,0.6873035800565302
101632,2.5633793623789036,0.6709890987276452
101760,2.5454556637815933,0.6573758924119723
101888,2.536959637179023,0.6520361982788438
102016,2.5291218798636783,0.6472261838533231
102144,2.521144784002252,0.6407795047735665
102272,2.520167095494703,0.6315155306933147
102400,2.5159832095877035,0.6248092100020896
102528,2.5104790595580484,0.612977907920614
102656,2.502148060728902,0.6032839387063209
102784,2.4992511500123396,0.594065373343624
102912,2.4939153030338654,0.5849359667803192
103040,2.488571111321385,0.5783324300520906
103168,2.4822775889098097,0.5659601895306992
103296,2.4725066699942477,0.5535371787924056
103424,2.4617724877204945,0.5470576461276933
103552,2.4578040766085665,0.5442458969006778
103680,2.46278665644533,0.5508491670675058
103808,2.4610946412405927,0.5592687746868497
103936,2.465307301798793,0.5498633248606848
104064,2.4650167505357983,0.5336590469648438
104192,2.4697481004746935,0.5256360794579831
104320,2.466453584740495,0.5193438952917149
104448,2.4553937458032817,0.5251584224573116
104576,2.4504577817101563,0.5220087319362122
104704,2.450716190173466,0.5240631239219783
104832,2.4538616714269947,0.51000205783143
104960,2.463737115341661,0.49314316327478663
105088,2.4677343868379813,0.4846905424819912
105216,2.4786592222939197,0.4869244559742228
105344,2.48785689105955,0.48853526315448026
105472,2.50277416244956,0.4948225787860967
105600,2.5261029192352327,0.5025119073164476
105728,2.548248262232783,0.5099859706472571
105856,2.577379971119073,0.5199759395197161
105984,2.6134184846942228,0.5264600787680344
106112,2.65409240148613,0.5304601572213284
106240,2.6906772809110757,0.5372650313676565
106368,2.730098163420983,0.5470675482438564
106496,2.7659925878393388,0.5636906731400319
106624,2.8132066271002665,0.5774430044882543
106752,2.8565462589364485,0.5975737588670278
106880,2.8947757160749092,0.6344969054045968
107008,2.9272128278685754,0.6616584246370171
107136,2.9656481419476046,0.6962828324877212
107264,2.9991914951107255,0.7341795166140751
107392,3.031326079846039,0.7620913244745459
107520,3.0634614882951205,0.7870899978246854
107648,3.0903070647887825,0.8068298574587416
107776,3.1171131230857547,0.8318024201610033
107904,3.143769710545399,0.8394270168582538
108032,3.1740220823804135,0.8415853647372286
108160,3.196446681328779,0.8424716435331459
108288,3.2223019834974815,0.8470025801941611
108416,3.2481067618853343,0.8494035246544832
108544,3.279709704216075,0.8643317103374247
108672,3.303229618441452,0.8628179071853819
108800,3.3305839052952138,0.8693034872960881
108928,3.3664774177951897,0.8801607273810499
109056,3.3884142504841877,0.886409366211561
109184,3.4164163089498056,0.8884341543126506
109312,3.455865163028096,0.9126885071495866
109440,3.4933699614374603,0.9352290969794159
109568,3.522647198993311,0.93980130847057
109696,3.5460102770870856,0.9240796384013015
109824,3.5625487478598004,0.904761229058959
109952,3.575141926131689,0.8884496580310187
110080,3.601987598929541,0.8950710230805076
110208,3.617408164148207,0.9088615327387952
110336,3.6337405538896466,0.9176731222485646
110464,3.644548468976099,0.9246657616303546
110592,3.6670695128148267,0.9218484693778939
110720,3.7064066802252977,0.9223539587240727
110848,3.7401457005313237,0.9207289323182593
110976,3.7736634937460742,0.9255254655097916
111104,3.7982670881753355,0.9279487067542337
111232,3.8012737965230556,0.9201872460724362
111360,3.807156224578396,0.9108808415847902
111488,3.801890571515072,0.896555458007336
111616,3.8041525112194443,0.8849690323455026
111744,3.803157157958769,0.8626594232862115
111872,3.7818680168907237,0.8535445855745011
112000,3.755616972591712,0.8516343789524401
112128,3.7258212857289097,0.8558293204805155
112256,3.697599498323256,0.8656005546135691
112384,3.667093443580375,0.886166554656933
112512,3.620425538770079,0.8926975255288949
112640,3.5684541156579677,0.9039962271534318
112768,3.5188439018613273,0.8879729913533093
112896,3.4678003805898876,0.8833637629761723
113024,3.4128662810047232,0.8684113421702953
113152,3.3758567338706853,0.8603771385984933
113280,3.350786299575719,0.863405729534757
113408,3.325261857518504,0.8512816781317368
113536,3.307454095728802,0.8547837970597408
113664,3.2874575142865043,0.8580083455834175
113792,3.2579290054325227,0.8545873706931509
113920,3.2387248391679293,0.8524778117695112
114048,3.210793117439316,0.8435218589709205
114176,3.1840834148647694,0.8461943248693159
114304,3.1535608936085264,0.8622587840854685
114432,3.12021874422072,0.8800434207072019
114560,3.0833176874031905,0.8908347313100827
114688,3.0498387493167067,0.9013931868955352
114816,3.022618239706028,0.9137398221871825
114944,3.00409759903697,0.9356936392515586
115072,2.980914937466737,0.9495897604887829
115200,2.962159946023229,0.9664412125434925
115328,2.9369846004148155,0.9594369040111212
115456,2.9110783323859026,0.9554400365344508
115584,2.8752323480876907,0.9337152397459831
115712,2.848416380938662,0.9294628974989649
115840,2.8271121903541254,0.9346071541925629
115968,2.816717576547482,0.9485743766298265
116096,2.8102631204619164,0.9645715475547508
116224,2.8034141230881247,0.9798239913659228
116352,2.7914276369467403,0.9811900284064663
116480,2.7893656448370985,0.9897925694989007
116608,2.783281769600486,0.9943143751605951
116736,2.7663229940433594,0.9874525883919272
116864,2.7449371434633334,0.9878778776397487
116992,2.7163110275841493,0.9746105888680691
117120,2.6875587185035377,0.9513015725773192
117248,2.6584880508818918,0.9331522993578529
117376,2.631177452123452,0.9154459580405802
117504,2.6148218203374203,0.9085178729250212
117632,2.6005213996241676,0.9002134183212499
117760,2.5906599699854516,0.8862395791145568
117888,2.5878299453347635,0.8825828758007521
118016,2.585321436496204,0.877381805671305
118144,2.5886108782349844,0.8746638587112909
118272,2.5988205160190656,0.8709950992819316
118400,2.6066329268283144,0.8635996610850015
118528,2.611369728994024,0.8539147961337422
118656,2.6227589428016587,0.8442255786503648
118784,2.6452756064783225,0.8458714603671575
118912,2.670521655381032,0.8498777788824494
119040,2.6846651612671835,0.8521807927413825
119168,2.7015654759714733,0.8522546038768083
119296,2.7282644837640992,0.8617043063361832
119424,2.7503813485415556,0.8715928420997657
119552,2.7779744354978217,0.8869935093103297
119680,2.796787586796359,0.8895293003840669
119808,2.80772003426141,0.8936716933188231
119936,2.81376238524803,0.9021530312963688
120064,2.8333013766100525,0.9170220538228163
120192,2.854132389140819,0.9439553268415174
120320,2.8791553600090647,0.9640973549328851
120448,2.900939967725597,0.976585258131849
120576,2.9241979345876308,0.9819825881780685
120704,2.9471482347864493,0.9813933564395678
120832,2.9772966394529536,0.9956361447570966
120960,3.0285087596625013,1.0422737494857937
121088,3.064379026051605,1.065188739231295
121216,3.0959651948241467,1.0878466000521703
121344,3.131808494433151,1.1066436556929689
121472,3.166113906769681,1.129515122824736
121600,3.19885720672053,1.1575733184757642
121728,3.217961943969782,1.1613995352596687
121856,3.241886067193555,1.1638198131776825
121984,3.270985390376584,1.1831846024337294
122112,3.292168972677793,1.1993686336135203
122240,3.2967915546087276,1.221429956941547
122368,3.3055412599950706,1.2393977528984124
122496,3.3219039355797793,1.2601189142040874
122624,3.342227535229995,1.2781727850705413
122752,3.3503118001071246,1.275649322776869
122880,3.354977764313468,1.2715943640087792
123008,3.3758213748348664,1.2841296382272342
123136,3.394871322844522,1.3130713391062312
123264,3.420074025048795,1.333624376469929
123392,3.441048822170382,1.3596561390342683
123520,3.4645031453778374,1.3852381878936186
123648,3.4828550465274373,1.4080347851466983
123776,3.5171993881725516,1.462889871252777
123904,3.5274959965272505,1.4890895494917171
124032,3.5299150783981075,1.5137873446263403
124160,3.507238854298037,1.514829058647704
124288,3.4787178724305683,1.502874516053416
124416,3.4556474761071136,1.5131443394082371
124544,3.423290154786604,1.5039613729207129
124672,3.3897124084174064,1.4952992904897273
124800,3.363906578172099,1.5102260506830192
124928,3.346990062352542,1.545320789061497
125056,3.3296124662191127,1.5713750039941918
125184,3.3057920581545317,1.5683901045183288
125312,3.28626789743493,1.5669354590732436
125440,3.259521701738949,1.5535261781557368
125568,3.207034522279956,1.4969657716159852
125696,3.151701646434396,1.4483804376705964
125824,3.0945022089074645,1.3974799281143562
125952,3.0391217455637456,1.357942620754344
126080,2.9781988369987613,1.297442286826009
126208,2.927632069729892,1.2355241674437618
126336,2.8693567014949113,1.1693906568635688
126464,2.812387483580321,1.096101443098268
126592,2.7556400385239703,1.0227847268103476
126720,2.710455705099119,0.9473489600342825
126848,2.674500739541542,0.8771316820864506
126976,2.655093136997876,0.8179747470468386
127104,2.6283094376684017,0.7419731346887166
127232,2.594297300458617,0.6521551437594092
127360,2.5643329382723246,0.5800274585592526
127488,2.5455041921802186,0.5153697052451525
127616,2.5227863855329797,0.4503092196338412
127744,2.49742701024736,0.38531667405447445
127872,2.477514322750631,0.32626289271433306
128000,2.445949837297135,0.2693738351608203
128128,2.414119528751019,0.22080600505904405
128256,2.3864265451504556,0.1775916897720369
128384,2.358893118721515,0.13384841765300715
128512,2.3394992823987497,0.09940977390036257
128640,2.324191367551774,0.06971540879844472
128768,2.305363359090017,0.07433817974205649
128896,2.2839003311901065,0.0985934498727429
129024,2.262780164302633,0.12700825479359268
129152,2.2490152815263063,0.15382886905190626
129280,2.236205049791783,0.17961469079180514
129408,2.22394034830036,0.21016812917665048
129536,2.206818962417115,0.23140566406307045
129664,2.1950884696580557,0.25221375103708016
129792,2.1877785346137433,0.2777966039434348
129920,2.185910719935388,0.3099280283652214
130048,2.1779064869469873,0.33929102175532944
130176,2.1742889464148387,0.3589869352884848
130304,2.1730970907421137,0.3793597346186709
130432,2.1719844677030586,0.3947841568889595
130560,2.1730010288241117,0.41277605751478647
130688,2.17973397579692,0.4415020869871401
130816,2.190126103121706,0.4654357569309692
130944,2.1974972319253965,0.49241828186298653
131072,2.2041130326093614,0.5234741349279292
131200,2.2112455276266907,0.5548690193914029
131328,2.2136162530853096,0.581400946463165
131456,2.211183346286683,0.5941353159398871
131584,2.2103789641747658,0.6036641171464328
131712,2.206713418677083,0.60504663005459
131840,2.207230296668844,0.6080923807173791
131968,2.223472963667732,0.609730133951049
132096,2.2386886778099315,0.6094887833619272
132224,2.2535197155902322,0.6041743920296027
132352,2.269895137811214,0.6008402058513316
132480,2.2799561080781956,0.5942721344700426
132608,2.295745435737678,0.5857248655023778
132736,2.309762056048356,0.5752000725599171
132864,2.325240521698491,0.5644158014325653
132992,2.3346688307413475,0.5516211428999739
133120,2.345579987617896,0.5307868341384566
133248,2.345096348697624,0.5045765954471118
133376,2.344195318846384,0.4768688117124564
133504,2.3364898445548685,0.45353130919289114
133632,2.3339609076570236,0.4328954534418848
133760,2.326369770814195,0.4089294059204672
133888,2.321371186953616,0.38417156909687633
134016,2.318275391861357,0.3618158041442105
134144,2.3123169271487733,0.3458158914643477
134272,2.318236521789226,0.32615437039799494
134400,2.3247531554326155,0.3043918903321033
134528,2.3299722081463567,0.28976330088944047
134656,2.3398898368214445,0.2679887384428024
134784,2.3483957545324805,0.24165850417803647
134912,2.3508171739091424,0.21579261355654122
135040,2.3559534476820083,0.20011064537174741
135168,2.3645300534993345,0.18984561260214788
135296,2.373176311203385,0.18631505995570194
135424,2.378667673007908,0.18537951117324594
135552,2.381737654860639,0.18778179908397843
135680,2.3859113143259787,0.19308537548495974
135808,2.4033528569756273,0.20756471896800688
135936,2.422298166444458,0.21614123178882255
136064,2.441639034248366,0.23003820661049046
136192,2.4559592724367256,0.23714259400482948
136320,2.4750142020429804,0.2505234428088214
136448,2.5004885906059333,0.27771364031327633
136576,2.5244734294183027,0.2972069881866973
136704,2.562114647619121,0.33654436926124576
136832,2.5907482225232954,0.3735083204246893
136960,2.6190790057930937,0.4045020954326047
137088,2.637320019070362,0.432610588383692
137216,2.6578193591777945,0.4610602220680981
137344,2.677419749273141,0.4911797724499652
137472,2.6866738490932067,0.5122190273968903
137600,2.7007581063878483,0.5326475022794251
137728,2.715620073522742,0.5434413832463512
137856,2.7339004495926433,0.5572696175751731
137984,2.7586305743763417,0.5735810861477493
138112,2.784621117051754,0.5941078994487287
138240,2.797431866234408,0.6139604299206094
138368,2.808835200389213,0.6352348606755938
138496,2.8164293131550044,0.653287469052198
138624,2.8267178920032485,0.6695046582710773
138752,2.846274211908739,0.6956549426568258
138880,2.8609257049059442,0.7185124941729377
139008,2.871994586854303,0.7405622173782864
139136,2.8844930055327764,0.7727029737032468
139264,2.891508607486826,0.8009597848393192
139392,2.8935079844365026,0.8088834085801366
139520,2.8977650573684848,0.8148723243599544
139648,2.9052882845410672,0.8231023034175903
139776,2.9155822800524653,0.8305184662641242
139904,2.9240879074621673,0.836239946356155
140032,2.930256912857811,0.8440293323437196
140160,2.94059721160724,0.8435046886286905
140288,2.9497534096188858,0.8508558941571019
140416,2.959083606894353,0.8525394732411188
140544,2.9619158333353277,0.8464766430305355
140672,2.962783709361182,0.8348355976903099
140800,2.971820891812367,0.8222472987655516
140928,2.9857011623955607,0.8102035342318237
141056,3.0018622556935073,0.8000394131462697
141184,3.0140428868600497,0.7921593911895008
141312,3.0227593281386747,0.7852306368602022
141440,3.032577668998707,0.7830054683171616
141568,3.0454237729986096,0.781667797360223
141696,3.054888310042783,0.7796638913010745
141824,3.0618950890566903,0.7777396265073735
141952,3.0660472176478404,0.7727220742019578
142080,3.0670865071520392,0.7693080246823621
142208,3.077736121296824,0.7749037715611543
142336,3.086522763568113,0.7825353053136488
142464,3.104010354239004,0.7950669774153061
142592,3.1183298529630092,0.8077878224751921
142720,3.1303473071484174,0.8133668006789305
142848,3.1418746330136207,0.8289806243329557
142976,3.1471051876867833,0.8395216224607839
143104,3.154395722285536,0.8482388558884996
143232,3.152712990338885,0.8573136360410943
143360,3.1502043307532777,0.8683619660410969
143488,3.147249108612877,0.8833193814273473
143616,3.1466989374670296,0.9016646104778119
143744,3.1479650361374985,0.9203877087853636
143872,3.1553683230857628,0.9462853898123098
144000,3.1615497874362757,0.9665299736520241
144128,3.1568642304412493,0.9813919825263743
144256,3.1429059067528615,0.9874342415730429
144384,3.1309761315869284,0.993511407534097
144512,3.118831001097356,0.9998955022791288
144640,3.109256132958567,1.0093018743814004
144768,3.1034938294097785,1.0145452659059038
144896,3.0965055588527775,1.0199772377533882
145024,3.0841088259317098,1.0181961419562786
145152,3.0862888365470345,1.0240776131603382
145280,3.0891972948174207,1.0302583920577102
145408,3.0893186220230113,1.020725459043681
145536,3.089082785983506,1.0198993339762539
145664,3.081125198064923,1.0127000925207545
145792,3.072841236015039,1.00141880263575
145920,3.065280024873114,0.9911737155157125
146048,3.058506713277958,0.9834928624895609
146176,3.0466927245972877,0.9656038334451604
146304,3.0296373315017,0.9483121445743689
146432,3.0068366065876173,0.9304437859185714
146560,2.9878673116334293,0.9062176675563126
146688,2.972717709935984,0.8915435125922211
146816,2.967301130749473,0.8748685521262483
146944,2.95905529150271,0.8613102520278687
147072,2.942735446349462,0.8456951984336657
147200,2.920992492563852,0.8225065817015788
147328,2.9036496600391755,0.8028689298240934
147456,2.8961357864489106,0.7901970075211128
147584,2.887793761872992,0.7754779872512777
147712,2.87242752316215,0.7592171166052709
147840,2.857020610593017,0.7490934689030047
147968,2.8417064586469705,0.7325582548035231
148096,2.831372917027354,0.7150452535342324
148224,2.8218710306102217,0.7028832216682299
148352,2.802975111245319,0.6825200236109985
148480,2.7738976509206736,0.6606408999395688
148608,2.7410327669191616,0.6341147905488949
148736,2.7111594155209287,0.6110760883204823
148864,2.682099503632433,0.5843028902959612
148992,2.6558983832623957,0.5639215019227075
149120,2.6348590476833227,0.5419183785758332
149248,2.6150821427498334,0.5161055089715343
149376,2.596774841645853,0.4895065724536689
149504,2.577018222714038,0.45949824794890265
149632,2.567237553277498,0.43805813949792605
149760,2.563328055229835,0.42426133433634255
149888,2.55233560754259,0.4005303245487608
150016,2.5458024545549307,0.3849792045038208
150144,2.5365096135371044,0.36738305039628233
150272,2.532748265357628,0.35797217814729326
150400,2.5324001618206924,0.34822709186274664
150528,2.536820321458912,0.3380547697905147
150656,2.535464326343522,0.3247781414299325
150784,2.5373940625104785,0.3218647944008279
150912,2.544921071784343,0.31986610344101196
151040,2.549987706281889,0.3215406869422165
151168,2.5539897897118595,0.3219847138506506
151296,2.5560351854098964,0.3199106320027002
151424,2.541143110265648,0.31080734839719165
151552,2.525568596760202,0.30078546051449384
151680,2.509676178697549,0.3029655288313642
151808,2.5001657241018935,0.30913564633586893
151936,2.506041510742652,0.3256938107233176
152064,2.5091279131824624,0.3439102671353666
152192,2.5087456003086395,0.36258247454093445
152320,2.512320360637519,0.37916267843584034
152448,2.513880920342894,0.3865476145765332
152576,2.522582558932352,0.3851743533428226
152704,2.5306546180656357,0.3935429139996577
152832,2.536069174193261,0.4116836316030537
152960,2.5420899347916053,0.4267878002536898
153088,2.5431355052179683,0.4438952263578385
153216,2.549390088621636,0.45819093103972913
153344,2.5528666947665624,0.4735270820592831
153472,2.5645128377502555,0.4967782378837138
153600,2.574502405026712,0.5114246714070547
153728,2.5812208742144547,0.5180731254200898
153856,2.593190382590534,0.5341697041176078
153984,2.60668832964703,0.553752651741919
154112,2.6171541469390576,0.5694724140586781
154240,2.63130997504106,0.5888588664847333
154368,2.639314296369892,0.6078100698575178
154496,2.647288959370425,0.6188059036055134
154624,2.6555923660342047,0.6307690203322287
154752,2.6675929202420043,0.6428500641854906
154880,2.687296904893234,0.6540665610752383
155008,2.7055363407788553,0.66000519921
155136,2.7250838456947797,0.6638455041524586
155264,2.74510990397526,0.6618172107599867
155392,2.7661044318868138,0.6694536882400054
155520,2.775503942517877,0.6685926949882652
155648,2.783190660453016,0.6676216452075168
155776,2.7990068523682634,0.6701666798192015
155904,2.8043404290385903,0.6633131297959343
156032,2.8035240351072632,0.6536396384629425
156160,2.814268237558497,0.6522003555197114
156288,2.823441275235384,0.6420379192294678
156416,2.8280938337593415,0.6314189924169871
156544,2.8251177966392804,0.6152786357674321
156672,2.8235191151328136,0.6059427885754709
156800,2.824408400863723,0.5991445640253731
156928,2.832966330139606,0.5995715285388802
157056,2.837622680381391,0.594919573363097
157184,2.834109463689859,0.583242063935486
157312,2.8390551787003035,0.5803139971645245
157440,2.831733722902986,0.5707056858770679
157568,2.8296948567082536,0.561786664421294
157696,2.8324719370198785,0.5617624634495246
157824,2.8375880853010873,0.5625403290935902
157952,2.8507900680425378,0.558583106418217
158080,2.864098985843283,0.5595120347541436
158208,2.8661630321289686,0.5515726899378274
158336,2.8734842621717602,0.5479708407627939
158464,2.8816293518661147,0.5448017995604573
158592,2.885822770474442,0.5461976860578238
158720,2.891111559526498,0.5518150598671222
158848,2.8920647351224407,0.5517704608939329
158976,2.894915603701006,0.5479431011869847
159104,2.901151307064465,0.5480491088924776
159232,2.9016554807548176,0.541441716092872
159360,2.904599752692956,0.5409085266736452
159488,2.9071273283842123,0.5412187905240897
159616,2.9117233460327463,0.5456438303062319
159744,2.9070937503778347,0.5540518915360411
159872,2.8957753309600447,0.5658878380502492
160000,2.8863097329580745,0.576739601366534
160128,2.874757826794919,0.5867931431896035
160256,2.8674747083577277,0.5922999312581393
160384,2.868216700742031,0.5920927488453515
160512,2.8707191023041574,0.5869182769112768
160640,2.881742145805389,0.5929886329150219
160768,2.8940596593027372,0.589645286187882
160896,2.907494844070504,0.5942405283305776
161024,2.9172557422625176,0.5934663725449455
161152,2.917088187211859,0.5855717061890131
161280,2.9077379206846077,0.5704059002683859
161408,2.8951147551363143,0.5581159949860697
161536,2.882645866450828,0.5480521871873981
161664,2.8663364499813193,0.5363851486046287
161792,2.857285570353765,0.5262776753771725
161920,2.8528617298234744,0.5163105509830423
162048,2.850877150325463,0.5135753881657712
162176,2.8537600266577927,0.5076158355860095
162304,2.8537846906479007,0.49858991236603034
162432,2.8500323144566453,0.4863278335669402
162560,2.839155476369035,0.4696752541298915
162688,2.835011931176917,0.45789557898706146
162816,2.8353787274445548,0.45165676451543335
162944,2.8426055967403094,0.44417067519273834
163072,2.8468234142317117,0.43538352704441036
163200,2.8485159566557092,0.4297472249536286
163328,2.8596438653242915,0.416065244892067
163456,2.86379077672228,0.4090216356657845
163584,2.862952904337397,0.3952085439108318
163712,2.8761680562979857,0.3748388115429594
163840,2.8835732980304805,0.35433322641639825
163968,2.8897111124966317,0.33184420922796437
164096,2.8963289043404363,0.30777371227505096
164224,2.8937685424022916,0.2870178343328182
164352,2.8837868634703847,0.26888631635075394
164480,2.877447237994932,0.2537660168672165
164608,2.865533233545883,0.22891619804356464
164736,2.858025766147439,0.19748966141749058
164864,2.848968209051365,0.16997379025645012
164992,2.8406812290745806,0.14172504762241553
165120,2.8340042222875512,0.12048085344634091
165248,2.8267802736100984,0.10614754474425148
165376,2.8218832194603305,0.09242065516014271
165504,2.8304163071341613,0.08568748426506077
165632,2.8331317687931854,0.08067253115629389
165760,2.840335908250781,0.08396727832198707
165888,2.8518348418764834,0.11078812971507296
166016,2.859177861673502,0.12723563179893893
166144,2.875269259962874,0.1517308990974532
166272,2.8905390630765977,0.18168596133771153
166400,2.9060929945124774,0.20877404988739365
166528,2.9293799163263587,0.24168423877223177
166656,2.9492147929626022,0.263780043517259
166784,2.965119804152222,0.28123009614639477
166912,2.977456325716889,0.30615728893287414
167040,2.987708104911495,0.3283175450775948
167168,2.9997571669753307,0.3541151811007188
167296,3.0100047974115136,0.38455997181678014
167424,3.024634471543302,0.420095770389975
167552,3.037499590075532,0.4529698892468583
167680,3.0589323827157826,0.4871402767245143
167808,3.0781750033548327,0.525358412504603
167936,3.103764520855071,0.567264383538321
168064,3.1236034281607705,0.6100367835723985
168192,3.1406386256637973,0.6539366022313646
168320,3.152092260754047,0.6958462809550564
168448,3.1627638252978993,0.7295929229759873
168576,3.1852151766960475,0.7863036171719288
168704,3.2025906069291583,0.8482232591610265
168832,3.2241755554806204,0.8939952791570384
168960,3.245638755487537,0.9382014061868372
169088,3.2615414971093983,0.9744355040755224
169216,3.278510374514615,0.998414223282382
169344,3.2983402612657375,1.0217526504269379
169472,3.319631761553225,1.0511932449504637
169600,3.327632924224919,1.0710029512118033
169728,3.348657067875155,1.1071907305125421
169856,3.3692253647457306,1.1415552706693197
169984,3.384335860160901,1.1649264975983764
170112,3.4057575303969054,1.195258171641603
170240,3.431250373806425,1.22887628512981
170368,3.450993983192233,1.2642473325185166
170496,3.4718132764166,1.2982873150732614
170624,3.4927024163360985,1.3251039605856811
170752,3.5049704839708657,1.3477888979119028
170880,3.5180750430061334,1.36233245272314
171008,3.5297379950055308,1.3776999414401867
171136,3.5489659846289454,1.4131726227753114
171264,3.5639958510194196,1.4417645471764007
171392,3.5730970581357555,1.4693926036466778
171520,3.5805628873891777,1.4964294707591017
171648,3.5784401517400215,1.5225599538713925
171776,3.5519840188916234,1.5274068822051887
171904,3.5299712983649325,1.5325977712204655
172032,3.5099191265999425,1.5496107691397318
172160,3.4918128180547825,1.5614625339368176
172288,3.4883216290511325,1.5898483438139892
172416,3.4951971996339153,1.6253483010681382
172544,3.495921079738457,1.6508236428555145
172672,3.4915633566776823,1.674624898150247
172800,3.4859457684020123,1.6943122206335657
172928,3.4759351284892297,1.706988799949986
173056,3.458339283451666,1.7027001607001655
173184,3.451647090064928,1.6983782637131484
173312,3.450746602888235,1.6967887958785337
173440,3.452257177247633,1.697776647396777
173568,3.4445827393352237,1.6840204662460287
173696,3.434680715235706,1.6605408745954078
173824,3.4296321742512186,1.6410002986473882
173952,3.42416959820795,1.6290984633457237
174080,3.4169420644225355,1.611810387927854
174208,3.4087827749942163,1.5997705563260316
174336,3.4068334177842,1.5842055415759222
174464,3.3986277256760715,1.5601896422082115
174592,3.3902809911172254,1.5292129681022217
174720,3.3819423565487625,1.5028353576791813
174848,3.3615045906938588,1.4720310475063791
174976,3.345605281746572,1.449222332124882
175104,3.310926018250741,1.424725672808656
175232,3.279800203322216,1.406683482927541
175360,3.256160112070061,1.4093039099439173
175488,3.217291492293243,1.4191986343505223
175616,3.1747219357485275,1.4180453605912378
175744,3.132155764555484,1.4064535243307368
175872,3.0996889538439283,1.3943967786097116
176000,3.0673414048394907,1.378865200349464
176128,3.029216246338203,1.3577711966420642
176256,2.9935427700994284,1.3437887935204658
176384,2.964680125434219,1.3353862260325977
176512,2.9421918338548805,1.3280475663939655
176640,2.9247054322669817,1.3244341130235149
176768,2.8894127582007076,1.3191911095428979
176896,2.8650075622716957,1.3275321053987135
177024,2.8518745575419566,1.331160186840848
177152,2.8400538079898334,1.3351596225549835
177280,2.826483473779426,1.3415552500622225
177408,2.811923819543338,1.3147388937353768
177536,2.8089491353404554,1.2918872809277036
177664,2.8063968715147407,1.2634570253838495
177792,2.8085601893578764,1.2386271917912084
177920,2.8148503276097347,1.2158502707690695
178048,2.833415684752607,1.201665516859045
178176,2.8519530082792066,1.1864690211232654
178304,2.8609304231695853,1.163098936555434
178432,2.8666338574835306,1.1280832255563822
178560,2.8744874556021243,1.0974677178824424
178688,2.8735795821033814,1.063146098734389
178816,2.877947167504873,1.0297782534012447
178944,2.8787417382565033,0.9985414769964567
179072,2.863060114282554,0.9517600962198981
179200,2.849119641754486,0.9115413316812665
179328,2.8535153385176653,0.8768308024296948
179456,2.8517457672703497,0.8468253840919661
179584,2.8460872833367183,0.8288204303389471
179712,2.8416584367325504,0.8126622477323272
179840,2.8453775037879754,0.8073803368696717
179968,2.850942524385627,0.807215108225028
180096,2.864787859017997,0.8091100379578943
180224,2.875103878926284,0.8037148129571489
180352,2.8920042115036546,0.807751468285371
180480,2.8940641629642565,0.795270851819215
180608,2.89915890651488,0.7803072986610002
180736,2.9127664574375958,0.781003888140696
180864,2.930461168997738,0.7829419299553941
180992,2.9398812210622083,0.7796424796296348
181120,2.959914521639869,0.7724367436626397
181248,2.9759884166971116,0.7647641001083585
181376,3.000100550553896,0.7656762029679988
181504,3.019519484913789,0.7691565577709066
181632,3.0505780829439324,0.7596010024477384
181760,3.0944619243773124,0.7605804420516817
181888,3.1368354345974776,0.7659646087066696
182016,3.172119977849209,0.7714583234939617
182144,3.2144687407820034,0.7934497503330092
182272,3.2462151754466015,0.8076995040071231
182400,3.2800549777629193,0.8223210713589275
182528,3.3109097257693496,0.8328192042614856
182656,3.3339385319872603,0.8357780164829134
182784,3.351282751535904,0.8356574690648921
182912,3.3731133258136135,0.8456227374774158
183040,3.403654031795583,0.8531728378606216
183168,3.426994213378403,0.8584196147765248
183296,3.4407014981692807,0.856414905284243
183424,3.460719555161189,0.8618819314228038
183552,3.483831019312662,0.8757089569193027
183680,3.499875077052855,0.8895888943603932
183808,3.512183151818665,0.9059847540636624
183936,3.52375141764755,0.9259916832747915
184064,3.535716370615499,0.9430650893347181
184192,3.553688286237087,0.9540014820731643
184320,3.572519190826358,0.9650661626462514
184448,3.592060557564686,0.9764617755487867
184576,3.6204351651931814,0.9895293658778461
184704,3.6393789388761184,0.9922446052441442
184832,3.648565016917534,0.9906872347871752
184960,3.6550111038707946,0.9930538662736725
185088,3.6670488867898547,1.0105373737797652
185216,3.6896223555682894,1.0276130330516222
185344,3.7222548773961246,1.054398573705838
185472,3.749446575186196,1.0790637118113389
185600,3.7653743273916955,1.1074517208402037
185728,3.782274886952604,1.1309422103338707
185856,3.802915578324348,1.1562976002282284
185984,3.8246253326067703,1.1834817967615567
186112,3.849058385228114,1.2151376261020908
186240,3.869773372217762,1.24175398506675
186368,3.8845072493692583,1.2616084379007322
186496,3.896236476290156,1.2822354187248806
186624,3.8995262507992385,1.294024994598569
186752,3.903369201793054,1.2955562470499826
186880,3.9119923765835285,1.3093799115201907
187008,3.910138960388358,1.312755934583288
187136,3.916105204175907,1.3128645631140938
187264,3.9316123518828032,1.327415018079774
187392,3.935758844461139,1.3373364996627637
187520,3.9459197651636417,1.3458823591187423
187648,3.959800311088368,1.3560823832193547
187776,3.971167288160159,1.3642580935988873
187904,3.9769825464938666,1.3738037222130317
188032,3.9785745161261556,1.3885389924327955
188160,3.9741251781447167,1.4031265796501111
188288,3.973966502908262,1.422218793851778
188416,3.962906857529166,1.4212011425633584
188544,3.9592601857275276,1.4286986842867802
188672,3.9626483849125043,1.4336259094244745
188800,3.9678437800925366,1.4404893813832254
188928,3.973589991327443,1.4584733601888715
189056,3.9735778089134604,1.4635399174780785
189184,3.9671076395515006,1.4734758176915217
189312,3.968733212316324,1.4880627008797769
189440,3.9681366859074894,1.503311370511885
189568,3.9677031756904713,1.516436785103453
189696,3.9571742607401754,1.5158903966516262
189824,3.953847004399687,1.51978269760807
189952,3.9478382909418057,1.517103238241356
190080,3.9355071591836985,1.501300393462142
190208,3.921126471596694,1.4849125618895558
190336,3.904812947553471,1.468514806806962
190464,3.8861758304593605,1.4408910769060357
190592,3.868385629257957,1.413517127665535
190720,3.8444029231281975,1.385787670073878
190848,3.8237290887534727,1.3607985661939044
190976,3.8037736606821513,1.3442643847780975
191104,3.785440535683565,1.3209172413055095
191232,3.7764958109838394,1.3012915264085025
191360,3.760726657651388,1.2724379352579986
191488,3.7435171088289665,1.2321430676211818
191616,3.7254252948964366,1.1905273851555904
191744,3.7119014015609046,1.1463794175002202
191872,3.6903441069714145,1.1121325187608466
192000,3.6694503407143677,1.0831078928222806
192128,3.6472782267524457,1.049069606007841
192256,3.626125408945939,1.0107191117089787
192384,3.6023201313393236,0.9616556111030983
192512,3.5802489759286624,0.9206585910228325
192640,3.559762984066836,0.8790306633803111
192768,3.550967292107331,0.8449111480485274
192896,3.5456035958723318,0.8152111973507673
193024,3.5388528836713906,0.7944811256662513
193152,3.5329257362092212,0.780447517835907
193280,3.5334179109388564,0.7632718431526797
193408,3.522639672969369,0.7453858168082497
193536,3.517683212819099,0.7323763313759876
193664,3.5184901993801594,0.7204149122424707
193792,3.517819092187369,0.7123232081307761
193920,3.5205935981731824,0.7064101291666817
194048,3.5231845651896823,0.6974142248345027
194176,3.506883078178488,0.6831029076864055
194304,3.4832504395212873,0.6714089423068498
194432,3.4699974659116286,0.661960693311657
194560,3.4670439067062273,0.6560968093431816
194688,3.4699961470753005,0.658426492089747
194816,3.477745622208868,0.6649736960095913
194944,3.480371920604985,0.674572656271965
195072,3.4823655308172694,0.6817634594452895
195200,3.4834297535571213,0.685893333370235
195328,3.482450716901803,0.6917796128221434
195456,3.4909067573424544,0.6928282579279423
195584,3.5030347167387514,0.6988449157402051
195712,3.5158901592189737,0.7103770756847237
195840,3.5264837794582515,0.7128095151427701
195968,3.5367028877256708,0.7195761207594217
196096,3.541478853459223,0.7316455875332974
196224,3.553013007720117,0.7588942816119371
196352,3.566353960581455,0.779676199067789
196480,3.5841455471373185,0.7992896860826447
196608,3.602463130163957,0.8206784780201893
196736,3.617589572475988,0.8372031333276817
196864,3.628347799674314,0.8491013423846311
196992,3.6462264415336607,0.8657843337777679
197120,3.6607263598050688,0.8690046932478452
197248,3.6778423504258306,0.8665904102255982
197376,3.696194448947047,0.86563583111419
197504,3.710192409204706,0.8618374368669643
197632,3.724307396004771,0.85872414948573
197760,3.7313118987199148,0.8501576485055043
197888,3.737472667393983,0.8523633751829676
198016,3.741491016728893,0.850334178397089
198144,3.7551080022610552,0.8649751704179157
198272,3.7722498207493356,0.8768612637099212
198400,3.778529998145816,0.8879319946241894
198528,3.787366974363694,0.908416691485829
198656,3.787190030821635,0.9115787253855295
198784,3.781665796227458,0.902628143937912
198912,3.775280914762738,0.898909772670569
199040,3.7583514519038337,0.89931190917341
199168,3.753488176800525,0.897018693842368
199296,3.7517958915999117,0.8963135019533714
199424,3.7458280296380315,0.9013759539562703
199552,3.7449018275307364,0.908751182193291
199680,3.748756297253741,0.9111429801416105
199808,3.750432015110748,0.9115216367986394
199936,3.749341106963399,0.9200287976141218
200064,3.739519004095998,0.9156083989963002
